<?xml version="1.0"?>
<pagescount>
	<html_total>10</html_total>
	<html_done>1</html_done>
	<img>23</img>
	<js>18</js>
	<css>10</css>
	<pdf/>
	<doc/>
	<xls/>
	<ppt/>
	<swf/>
	<mp3/>
	<mp4/>
	<xml/>
	<json/>
	<txt/>
	<fonts>20</fonts>
	<scraping_reload>1</scraping_reload>
	<is_pretty_url>false</is_pretty_url>
	<is_ebn>false</is_ebn>
	<theme_name>400496</theme_name>
	<server_url_front_page>https://www6.waybackmachinedownloader.com/wdo/files/demo/devsnews.com_amit.thakur365_gmail.com_1xndfcyco7/</server_url_front_page>
	<no_www_url>devsnews.com</no_www_url>
	<hosted_domain/>
	<original_archive_url>https://www.devsnews.com/template/torun/torun/it-services.html</original_archive_url>
	<final_archive_url>https://www.devsnews.com/template/torun/torun/it-services.html</final_archive_url>
	<front_page_code_date/>
	<total_urls_from_api/>
	<search_url_added>false</search_url_added>
	<total_size>10624</total_size>
</pagescount>
